{"21":0.6689453125,"11":0.1455078125,"27":0.05859375,"5":0.126953125}
