binary_string,probability
010100b,0.978515625
010010b,0.021484375
