binary_string,probability
000100b,0.5
000010b,0.4951171875
000110b,0.00390625
000000b,0.0009765625
