binary_string,probability
010101b,0.6689453125
001011b,0.1455078125
011011b,0.05859375
000101b,0.126953125
