binary_string,probability
01011b,0.67578125
10101b,0.10546875
00101b,0.084960938
11011b,0.133789063
