binary_string,probability
010100b,0.9716796875
010010b,0.0283203125
