binary_string,probability
000100b,0.23046875
010010b,0.271484375
010000b,0.234375
000110b,0.263671875
